{"cameraMode":{"drawMode":0,"name":"Shaded","section":"Shading Mode"},"sceneLighting":false,"audioPlay":false,"sceneViewState":{"m_AlwaysRefresh":false,"showFog":true,"showSkybox":false,"showFlares":true,"showImageEffects":true,"showParticleSystems":true,"showVisualEffectGraphs":true,"m_FxEnabled":true},"in2DMode":false,"pivot":{"x":-6.697399139404297,"y":3.632197618484497,"z":11.212593078613282},"rotation":{"x":0.035941340029239658,"y":0.9577383399009705,"z":-0.24997496604919434,"w":0.13770361244678498},"size":7.661904811859131,"orthographic":false}