{"cameraMode":{"drawMode":0,"name":"Shaded","section":"Shading Mode"},"sceneLighting":false,"audioPlay":false,"sceneViewState":{"m_AlwaysRefresh":false,"showFog":true,"showSkybox":false,"showFlares":true,"showImageEffects":true,"showParticleSystems":true,"showVisualEffectGraphs":true,"m_FxEnabled":true},"in2DMode":false,"pivot":{"x":0.003087639808654785,"y":1.64075767993927,"z":3.2164487838745119},"rotation":{"x":0.00010184900020249188,"y":-0.9993475079536438,"z":0.0033087898045778276,"w":0.03724753484129906},"size":0.6148780584335327,"orthographic":false}