{"cameraMode":{"drawMode":0,"name":"Shaded","section":"Shading Mode"},"sceneLighting":false,"audioPlay":false,"sceneViewState":{"m_AlwaysRefresh":false,"showFog":true,"showSkybox":false,"showFlares":true,"showImageEffects":true,"showParticleSystems":true,"showVisualEffectGraphs":true,"m_FxEnabled":true},"in2DMode":false,"pivot":{"x":1.503000020980835,"y":0.5149999856948853,"z":-1.9140000343322755},"rotation":{"x":0.05663267523050308,"y":0.9405564665794373,"z":-0.2712858319282532,"w":0.19634771347045899},"size":0.36027100682258608,"orthographic":false}