{"cameraMode":{"drawMode":0,"name":"Shaded","section":"Shading Mode"},"sceneLighting":false,"audioPlay":false,"sceneViewState":{"m_AlwaysRefresh":false,"showFog":true,"showSkybox":false,"showFlares":true,"showImageEffects":true,"showParticleSystems":true,"showVisualEffectGraphs":true,"m_FxEnabled":true},"in2DMode":false,"pivot":{"x":-1.1692135334014893,"y":3.68095326423645,"z":-1.9722747802734376},"rotation":{"x":0.012771595269441605,"y":0.9870942831039429,"z":-0.10433652997016907,"w":0.12082751095294953},"size":5.689396858215332,"orthographic":false}