{"cameraMode":{"drawMode":0,"name":"Shaded","section":"Shading Mode"},"sceneLighting":false,"audioPlay":false,"sceneViewState":{"m_AlwaysRefresh":false,"showFog":true,"showSkybox":false,"showFlares":true,"showImageEffects":true,"showParticleSystems":true,"showVisualEffectGraphs":true,"m_FxEnabled":true},"in2DMode":false,"pivot":{"x":-14.789494514465332,"y":14.836368560791016,"z":9.659448623657227},"rotation":{"x":0.035941340029239658,"y":0.9577383399009705,"z":-0.24997496604919434,"w":0.13770361244678498},"size":9.94593620300293,"orthographic":false}