{"cameraMode":{"drawMode":0,"name":"Shaded","section":"Shading Mode"},"sceneLighting":false,"audioPlay":false,"sceneViewState":{"m_AlwaysRefresh":false,"showFog":true,"showSkybox":false,"showFlares":true,"showImageEffects":true,"showParticleSystems":true,"showVisualEffectGraphs":true,"m_FxEnabled":true},"in2DMode":false,"pivot":{"x":-6.553210258483887,"y":4.591647624969482,"z":6.9792938232421879},"rotation":{"x":-0.0002492999192327261,"y":0.9990270733833313,"z":-0.04379504919052124,"w":-0.005693207494914532},"size":14.757074356079102,"orthographic":false}